dish_id,is_plate_only,caption_bleu1,caption_rouge1,caption_meteor,ingr_precision,ingr_recall,ingr_f1,ingr_n_hallucinated,cal_error,cal_pct_error,macro_protein_error,macro_fat_error,macro_carb_error
dish_1556575327,False,0.5000,0.6667,0.6860,0.4000,0.6667,0.5000,3,136.70,1.3233,2.87,6.88,10.62
dish_1557861216,True,0.1111,0.1667,0.1389,,,,,,,,,
dish_1557862345,False,0.3750,0.5000,0.5808,0.5000,1.0000,0.6667,1,,,19.53,2.27,0.00
dish_1557862696,False,0.1429,0.1818,0.1163,0.0000,0.0000,0.0000,0,,,1.39,0.23,3.85
dish_1557862738,False,0.1429,0.1818,0.1163,0.0000,0.0000,0.0000,2,,,,,
dish_1557862783,False,0.5643,0.6154,0.5435,0.2000,0.3333,0.2500,4,7.02,0.0158,50.42,24.92,3.85
dish_1557936555,False,0.3000,0.4286,0.5556,0.2000,1.0000,0.3333,4,,,12.00,10.08,1.15
dish_1557936599,False,0.3333,0.4000,0.2381,1.0000,1.0000,1.0000,0,22.05,1.0000,1.51,0.25,4.41
dish_1557936645,False,0.3333,0.4000,0.2381,1.0000,1.0000,1.0000,0,11.88,1.0000,0.25,0.11,2.88
dish_1557937037,False,0.2000,0.2222,0.1220,1.0000,1.0000,1.0000,0,25.97,1.0000,0.59,0.34,5.88
dish_1557937079,False,0.3636,0.5333,0.4255,1.0000,1.0000,1.0000,0,146.07,1.0000,9.99,11.34,0.38
dish_1557937157,False,0.5368,0.6250,0.4227,0.8333,1.0000,0.9091,1,115.25,0.3244,24.34,22.12,14.70
dish_1557937335,False,0.2222,0.3077,0.2222,0.0000,0.0000,0.0000,7,,,0.61,0.08,11.17
dish_1557937427,False,0.2500,0.5000,0.5808,0.1667,1.0000,0.2857,5,,,,,
dish_1557937574,False,0.5000,0.6000,0.6085,1.0000,1.0000,1.0000,0,5.59,1.0000,0.18,0.07,1.20
dish_1557937615,False,0.3333,0.6000,0.6085,1.0000,1.0000,1.0000,0,,,0.15,0.06,1.68
dish_1557937715,False,0.4286,0.5455,0.5943,0.0000,0.0000,0.0000,1,,,0.47,0.27,4.68
dish_1557937758,False,0.2206,0.2353,0.1124,0.5000,0.6000,0.5455,3,133.22,1.2475,3.53,2.26,18.93
dish_1558030182,False,0.5000,0.6667,0.9020,1.0000,1.0000,1.0000,0,,,1.76,0.09,14.96
dish_1558030289,False,0.2500,0.3077,0.1887,0.3333,1.0000,0.5000,2,38.52,1.0000,0.54,0.11,9.63
dish_1558030383,False,0.3750,0.5000,0.5808,0.0164,1.0000,0.0323,60,,,9.62,10.92,0.36
dish_1558030435,False,0.4167,0.6000,0.2976,0.5000,0.6667,0.5714,2,6.94,0.0281,11.91,11.12,24.95
dish_1558031133,False,0.2727,0.4000,0.3191,0.0000,0.0000,0.0000,40,,,1.76,0.22,32.34
dish_1558031237,False,0.2500,0.3333,0.2273,1.0000,1.0000,1.0000,0,208.38,6.5901,0.74,0.19,7.44
dish_1558031302,False,0.5000,0.6667,0.9020,0.3333,1.0000,0.5000,2,,,1.48,0.07,12.58
dish_1558031351,False,0.2500,0.3333,0.2273,0.0000,0.0000,0.0000,2,,,0.25,0.04,3.12
dish_1558031394,False,0.3636,0.4211,0.2410,0.0000,0.0000,0.0000,6,2.59,0.0109,4.23,0.52,55.48
dish_1558110297,False,0.4286,0.5455,0.3488,0.2500,1.0000,0.4000,3,,,0.36,0.15,7.14
dish_1558110335,False,0.2000,0.2222,0.1220,0.3333,1.0000,0.5000,2,,,2.59,2.94,0.10
dish_1558110385,False,0.3750,0.5000,0.5808,0.3333,1.0000,0.5000,2,,,4.25,3.57,0.41
dish_1558110436,False,0.3750,0.5000,0.5808,0.0000,0.0000,0.0000,1,,,1.10,0.14,20.29
dish_1558110478,False,0.4444,0.5882,0.2469,0.7500,0.7500,0.7500,1,34.56,0.1682,8.30,6.80,27.93
dish_1558113430,False,0.3750,0.4615,0.5556,0.0000,0.0000,0.0000,4,,,0.62,0.11,1.48
dish_1558113477,False,0.5000,0.6000,0.6085,0.2500,1.0000,0.4000,3,,,11.20,24.75,11.35
dish_1558113941,False,0.4000,0.4706,0.2740,0.2500,0.5000,0.3333,3,56.89,0.1916,11.82,24.86,12.83
dish_1558114086,False,0.2500,0.3333,0.2273,0.0000,0.0000,0.0000,19,,,20.02,0.29,0.43
dish_1558114145,False,0.2222,0.3077,0.2222,0.3333,1.0000,0.5000,2,57.27,1.0000,0.58,0.17,14.94
dish_1558114209,False,0.2500,0.3333,0.2273,0.0000,0.0000,0.0000,19,,,0.72,0.18,7.20
dish_1558114284,False,0.2500,0.4211,0.2000,0.3333,0.3333,0.3333,2,77.77,0.4794,,,22.57
dish_1558372948,False,0.3750,0.5000,0.5808,0.0000,0.0000,0.0000,22,,,26.66,58.90,27.01
dish_1558373008,False,0.3750,0.5000,0.5808,0.0000,0.0000,0.0000,21,,,14.09,19.93,3.07
dish_1558373074,False,0.0000,0.0000,0.0000,0.0000,0.0000,0.0000,2,73.84,1.0000,,,0.43
dish_1558373159,False,0.2727,0.4444,0.4265,0.2500,0.3333,0.2857,3,773.34,0.7632,60.62,79.12,30.51
dish_1558375667,False,0.3333,0.4000,0.4464,0.0000,0.0000,0.0000,3,,,26.66,58.90,27.01
dish_1558375732,False,0.5000,0.6000,0.6085,0.5000,1.0000,0.6667,1,45.54,1.0000,0.46,0.13,11.88
dish_1558375833,False,0.3000,0.4286,0.3261,0.0000,0.0000,0.0000,1,,,17.76,25.12,3.86
dish_1558375886,False,0.7143,0.8571,0.6914,0.5000,0.6667,0.5714,2,810.51,0.7715,44.87,84.15,42.76
dish_1558376212,False,0.5000,0.6000,0.6085,0.0455,1.0000,0.0870,21,,,11.65,25.74,11.80
dish_1558376306,False,0.3750,0.5000,0.6692,1.0000,1.0000,1.0000,0,,,20.84,29.48,4.54
dish_1558376364,False,0.5000,0.6000,0.6085,0.3333,1.0000,0.5000,2,48.99,1.0000,0.50,0.14,12.78
dish_1558376437,False,0.3000,0.4286,0.3261,0.0000,0.0000,0.0000,32,,,0.31,0.08,3.12
dish_1558376483,False,0.4000,0.4444,0.3849,0.0357,0.5000,0.0667,54,495.03,0.6735,33.30,55.44,32.24
dish_1558376734,False,0.2308,0.3529,0.5215,0.0000,0.0000,0.0000,16,,,11.58,16.38,2.52
dish_1558376768,False,0.2500,0.3333,0.2273,0.0000,0.0000,0.0000,2,,,20.02,0.29,0.43
dish_1558376801,False,0.2500,0.3529,0.4483,0.0169,1.0000,0.0333,58,,,0.33,0.06,0.80
dish_1558376874,False,0.3333,0.4000,0.4464,0.3333,1.0000,0.5000,2,,,12.99,28.71,13.17
dish_1558376938,False,0.5000,0.6000,0.6085,0.3333,1.0000,0.5000,2,,,0.52,0.15,13.32
dish_1558376984,False,0.3894,0.5556,0.3221,0.0377,0.4000,0.0690,51,431.68,0.6427,45.44,45.58,30.23
dish_1558461431,False,0.5000,0.5455,0.5011,0.3333,1.0000,0.5000,2,,,0.14,0.02,0.18
dish_1558461607,False,0.5000,0.6667,0.8523,0.3333,1.0000,0.5000,2,87.63,1.0000,0.89,0.25,22.86
dish_1558461692,False,0.2857,0.3636,0.2326,0.0000,0.0000,0.0000,3,,,8.96,19.80,9.08
dish_1558461760,False,0.5000,0.5455,0.5011,0.5000,1.0000,0.6667,1,,,0.55,0.12,2.38
dish_1558461792,False,0.3636,0.3810,0.1980,0.4286,0.7500,0.5455,4,91.00,0.2749,10.54,20.20,34.50
dish_1558544663,False,0.4444,0.6154,0.8333,0.0323,1.0000,0.0625,30,,,4.99,2.91,24.96
dish_1558545738,False,0.3750,0.5000,0.3409,0.0455,1.0000,0.0870,21,,,,,
dish_1558546434,False,0.4000,0.5333,0.6818,0.0714,1.0000,0.1333,13,,,0.32,0.04,0.40
dish_1558546558,False,0.5000,0.6000,0.6085,1.0000,1.0000,1.0000,0,,,9.86,21.78,9.99
dish_1558546663,False,0.3636,0.6316,0.2410,1.0000,1.0000,1.0000,0,90.73,0.2743,10.60,22.11,30.26
dish_1558549413,False,0.5714,0.7273,0.8721,1.0000,1.0000,1.0000,0,682.16,1.0000,26.43,58.41,26.79
dish_1558549605,False,0.2857,0.4211,0.5350,0.3333,1.0000,0.5000,2,97.50,1.0000,2.02,0.23,21.00
dish_1558549773,False,0.4444,0.5714,0.6944,0.0714,1.0000,0.1333,13,,,0.29,0.04,0.36
dish_1558549806,False,0.6441,0.8750,0.5808,0.7500,1.0000,0.8571,1,541.96,0.6931,28.75,58.67,48.15
dish_1558630176,False,0.4286,0.5455,0.5943,0.0370,1.0000,0.0714,26,,,0.43,0.28,19.88
dish_1558630207,False,0.5714,0.7273,0.8721,1.0000,1.0000,1.0000,0,430.60,0.6421,25.98,57.42,26.33
dish_1558630288,False,0.3333,0.4286,0.4733,0.0000,0.0000,0.0000,34,7.11,1.0000,0.67,0.37,0.35
dish_1558630325,False,0.6667,0.7059,0.6310,0.7500,1.0000,0.8571,1,511.54,0.6807,27.08,58.08,46.56
dish_1558635400,False,0.3333,0.4000,0.2381,1.0000,1.0000,1.0000,0,25.00,1.0000,1.80,0.30,5.00
dish_1558635489,False,0.4286,0.4286,0.3651,0.0000,0.0000,0.0000,16,,,2.29,1.78,16.28
dish_1558635523,False,0.3077,0.4444,0.5442,0.0161,1.0000,0.0317,61,,,1.16,0.13,12.04
dish_1558635546,False,0.3750,0.5000,0.3409,0.5000,1.0000,0.6667,1,,,0.35,0.23,16.38
dish_1558635618,False,0.4150,0.6087,0.2101,0.6000,0.7500,0.6667,2,19.75,0.0897,5.61,2.44,49.70
dish_1558639412,False,0.2500,0.3750,0.6134,0.5000,1.0000,0.6667,1,,,0.78,0.19,7.76
dish_1558639440,False,0.2857,0.3636,0.2326,0.5000,1.0000,0.6667,1,,,0.35,0.23,16.24
dish_1558639482,False,0.5000,0.5882,0.6110,0.0345,1.0000,0.0667,28,,,,,
dish_1558639526,False,0.4286,0.7273,0.8721,1.0000,1.0000,1.0000,0,,,0.70,0.16,7.80
dish_1558639555,False,0.5000,0.6400,0.5066,1.0000,0.7500,0.8571,0,83.95,0.5380,2.73,1.28,38.18
dish_1558639787,False,0.3333,0.4000,0.2381,1.0000,1.0000,1.0000,0,24.75,1.0000,1.78,0.30,4.95
dish_1558639818,False,0.3750,0.5000,0.5808,0.3333,1.0000,0.5000,2,20.06,1.0000,0.47,0.12,4.72
dish_1558639849,False,0.1000,0.2857,0.2174,1.0000,1.0000,1.0000,0,23.37,1.0000,0.51,0.11,5.70
dish_1558639876,False,0.2222,0.3750,0.1389,0.0333,0.6667,0.0635,58,171.82,2.5201,2.77,0.53,15.37
dish_1558641164,False,0.4286,0.5455,0.5943,0.5000,1.0000,0.6667,1,,,0.46,0.31,21.56
dish_1558641200,False,0.4286,0.7273,0.8721,0.0385,1.0000,0.0741,25,,,0.07,0.02,0.80
dish_1558641253,False,0.3000,0.4706,0.2740,0.0250,1.0000,0.0488,39,,,3.41,2.64,24.20
dish_1558641287,False,0.5000,0.5455,0.5011,1.0000,1.0000,1.0000,0,,,0.58,0.13,2.50
dish_1558641320,False,0.4981,0.5217,0.2521,0.5714,1.0000,0.7273,3,28.41,0.1343,4.52,3.09,49.06
dish_1558717604,False,0.2857,0.3636,0.2326,0.5000,1.0000,0.6667,1,,,0.43,0.28,19.88
dish_1558718587,False,0.2000,0.2222,0.1220,1.0000,1.0000,1.0000,0,,,0.74,0.12,2.05
dish_1558718610,False,0.4286,0.4286,0.3651,0.0000,0.0000,0.0000,1,113.53,1.0000,,,
dish_1558718649,False,0.3750,0.5000,0.6692,0.0000,0.0000,0.0000,3,,,0.61,0.15,6.08
dish_1558718680,False,0.5000,0.6000,0.6085,0.3333,1.0000,0.5000,2,,,5.15,11.38,5.22
dish_1558718906,False,0.2897,0.4706,0.3571,0.0588,0.5000,0.1053,32,42.58,0.1507,9.82,14.23,36.89
dish_1558719570,False,0.4286,0.5455,0.5943,0.5000,1.0000,0.6667,1,,,0.43,0.29,20.02
dish_1558719994,False,0.5714,0.7273,0.8721,1.0000,1.0000,1.0000,0,528.87,0.6879,29.79,65.83,30.19
dish_1558720097,False,0.0000,0.2222,0.1220,1.0000,1.0000,1.0000,0,30.34,1.0000,0.67,0.15,7.40
dish_1558720133,False,0.2000,0.2222,0.1220,1.0000,1.0000,1.0000,0,14.25,1.0000,1.03,0.17,2.85
dish_1558720236,False,0.3000,0.5556,0.1829,0.4286,0.7500,0.5455,4,647.82,0.7297,31.91,66.44,60.46
dish_1558722125,False,0.5714,0.7273,0.8721,1.0000,1.0000,1.0000,0,257.17,0.5173,19.26,42.57,19.52
dish_1558722171,False,0.2000,0.2222,0.1220,0.0159,1.0000,0.0312,62,24.25,1.0000,1.75,0.29,4.85
dish_1558722207,False,0.4286,0.5455,0.5943,0.5000,1.0000,0.6667,1,,,0.48,0.32,22.40
dish_1558722247,False,0.6000,0.8235,0.7705,0.7500,1.0000,0.8571,1,364.62,0.6031,21.49,43.18,46.77
dish_1559157454,False,0.1771,0.3636,0.2197,0.3333,0.1111,0.1667,2,34.56,1.0000,0.67,3.28,1.13
dish_1559157777,False,0.4000,0.5333,0.6818,1.0000,1.0000,1.0000,0,2.53,1.0000,0.32,0.04,0.40
dish_1559157919,False,0.1839,0.4167,0.1316,1.0000,0.3000,0.4615,0,37.09,1.0000,0.99,3.33,1.52
dish_1559233445,False,0.5000,0.6667,0.8523,0.0455,1.0000,0.0870,21,,,,,
dish_1559233570,False,0.5000,0.6000,0.6085,0.5000,1.0000,0.6667,1,,,0.36,0.15,4.08
dish_1559233627,False,0.4286,0.5455,0.5943,1.0000,1.0000,1.0000,0,,,4.44,5.04,0.17
dish_1559233715,False,0.3000,0.5333,0.5739,0.0385,1.0000,0.0741,25,,,1.10,0.00,19.80
dish_1559233756,False,0.2206,0.4706,0.1685,0.7500,0.7500,0.7500,1,50.15,0.2642,6.14,5.24,30.42
dish_1559238993,False,0.5000,0.6000,0.7011,0.3333,1.0000,0.5000,2,61.56,1.0000,0.76,0.32,15.12
dish_1559239151,False,0.6667,0.7273,0.7782,0.2500,1.0000,0.4000,3,9.20,1.0000,1.16,0.16,1.44
dish_1559239256,False,0.2857,0.3636,0.2326,1.0000,1.0000,1.0000,0,60.16,1.0000,,,
dish_1559239369,False,0.4777,0.5714,0.4808,0.6000,1.0000,0.7500,2,109.08,0.8332,3.07,0.61,31.92
dish_1559578551,False,0.5000,0.6000,0.6085,0.5000,1.0000,0.6667,1,124.43,1.0000,8.51,9.66,0.32
dish_1559578579,False,0.2857,0.6154,0.1639,0.6667,1.0000,0.8000,1,142.58,1.0000,8.89,9.82,4.72
dish_1559578599,False,0.2500,0.5000,0.1875,0.6000,1.0000,0.7500,2,10.02,0.0436,10.04,9.82,25.42
dish_1559841950,False,0.5000,0.6000,0.6085,1.0000,1.0000,1.0000,0,11.20,1.0000,0.77,0.13,2.24
dish_1559841979,False,0.2500,0.5333,0.2113,0.3333,0.5000,0.4000,2,39.29,1.0000,1.19,0.29,9.13
dish_1559842047,False,0.4444,0.7059,0.3086,0.5000,0.6667,0.5714,2,153.69,1.0000,1.99,0.49,39.53
dish_1559844272,False,0.3333,0.4000,0.4464,0.0000,0.0000,0.0000,22,462.48,1.0000,17.92,39.60,18.16
dish_1559844323,False,0.3750,0.5714,0.2419,0.0364,1.0000,0.0702,53,278.37,0.5370,18.49,39.76,32.74
dish_1559844366,False,0.5643,0.6154,0.5435,0.6000,1.0000,0.7500,2,289.22,0.5465,19.23,39.89,34.91
dish_1559844458,False,0.3333,0.4000,0.4464,0.0000,0.0000,0.0000,2,55.89,1.0000,0.57,0.16,14.58
dish_1559844490,False,0.5556,0.6250,0.6722,0.3333,0.5000,0.4000,2,108.36,1.0000,,,27.45
dish_1559846688,False,0.1771,0.3636,0.1119,0.5000,0.3333,0.4000,3,82.83,1.0000,1.29,7.75,3.11
dish_1559849020,False,0.5714,0.7273,0.8721,0.5000,1.0000,0.6667,1,46.23,1.0000,0.47,0.13,12.06
dish_1559849053,False,0.3750,0.5714,0.2419,0.5000,1.0000,0.6667,2,381.53,1.0000,13.46,28.84,25.23
dish_1559849097,False,0.5643,0.6154,0.5435,0.5000,0.6667,0.5714,2,255.93,0.5161,14.26,29.04,55.63
dish_1559849412,False,0.5000,0.6000,0.6085,0.0000,0.0000,0.0000,3,112.64,0.3194,13.66,30.20,13.85
dish_1559849466,False,0.5000,0.5714,0.3226,0.3333,0.5000,0.4000,2,227.61,0.4868,14.47,30.40,44.40
dish_1559849497,False,0.5000,0.5333,0.4445,0.6000,1.0000,0.7500,2,281.43,0.5397,15.01,30.55,58.44
dish_1559849537,False,0.4044,0.5333,0.4310,0.5000,0.5000,0.5000,2,309.52,0.5633,15.44,30.71,65.33
dish_1559850283,False,0.5000,0.6000,0.6085,0.0000,0.0000,0.0000,3,,,10.53,23.26,10.67
dish_1559850314,False,0.3000,0.6250,0.2344,0.6667,1.0000,0.8000,1,,,11.01,23.32,17.03
dish_1559850338,False,0.4545,0.6667,0.5027,0.5000,0.6667,0.5714,2,67.12,0.2185,11.72,23.44,19.13
dish_1559934477,False,0.3000,0.4000,0.2727,0.0000,0.0000,0.0000,54,,,1.82,1.20,2.45
dish_1560203400,False,0.5000,0.6154,0.5955,0.0200,1.0000,0.0392,49,,,12.48,12.48,33.28
dish_1560203424,False,0.2667,0.3636,0.2564,0.3333,0.5000,0.4000,2,211.75,0.4687,14.59,22.27,50.21
dish_1560367904,False,0.2076,0.2400,0.1095,0.0000,0.0000,0.0000,1,,,10.41,8.84,3.73
dish_1560367926,False,0.2638,0.2857,0.1351,0.1250,0.1250,0.1250,7,168.52,0.4125,24.16,20.97,44.98
dish_1560367952,False,0.0533,0.2609,0.0629,0.2000,0.1111,0.1429,4,174.73,0.4213,24.94,21.07,45.96
dish_1560367980,False,0.2094,0.3871,0.1429,0.5000,0.2000,0.2857,2,181.47,0.4306,25.66,21.11,47.24
dish_1560368019,False,0.2439,0.4138,0.2824,0.7500,0.2727,0.4000,1,196.97,0.4508,26.13,21.66,49.96
dish_1560368395,False,0.4286,0.5000,0.4915,0.0435,1.0000,0.0833,22,,,0.69,0.14,12.33
dish_1560368464,False,0.1115,0.2286,0.0881,0.0000,0.0000,0.0000,3,109.45,0.3132,29.05,18.06,16.81
dish_1560368506,False,0.0482,0.2105,0.1389,0.0000,0.0000,0.0000,4,222.93,0.4816,44.58,31.26,22.38
dish_1560368570,False,0.0428,0.2083,0.0727,0.2500,0.0417,0.0714,3,315.93,0.5683,46.51,39.19,27.13
dish_1560444869,False,0.3333,0.4286,0.2778,0.0238,1.0000,0.0465,41,,,,,
dish_1560444892,False,0.3333,0.3750,0.2083,0.0000,0.0000,0.0000,33,,,0.45,0.09,10.14
dish_1560444914,False,0.7500,0.7500,0.6389,0.5000,0.6667,0.5714,2,177.66,2.8499,0.91,0.24,15.92
dish_1560444931,False,0.3977,0.5263,0.3788,0.7500,0.7500,0.7500,1,127.34,1.1303,4.31,3.98,16.46
dish_1560444948,False,0.1104,0.2000,0.0789,0.0909,0.2500,0.1333,30,68.68,0.4009,4.61,10.03,17.64
dish_1560444967,False,0.0999,0.1935,0.0754,0.4286,0.2308,0.3000,4,42.62,0.2159,4.95,10.07,23.81
dish_1560444985,False,0.0818,0.1818,0.0691,0.6000,0.2143,0.3158,2,41.06,0.2064,5.13,10.10,24.08
dish_1560445004,False,0.0338,0.1250,0.0446,0.2000,0.0667,0.1000,4,99.60,0.2933,14.75,21.02,24.44
dish_1560456305,False,0.0630,0.2727,0.1250,0.0909,0.2222,0.1290,20,,,,,
dish_1560456326,False,0.0367,0.2439,0.0884,0.0769,0.0952,0.0851,24,33.13,0.1601,29.74,7.52,3.79
dish_1560456348,False,0.0104,0.3000,0.0493,0.1304,0.1364,0.1333,20,29.72,0.1413,29.94,7.53,4.56
dish_1560456370,False,0.0309,0.3182,0.1148,1.0000,0.1739,0.2963,0,68.38,0.2647,30.94,7.64,14.92
dish_1560526408,False,0.1820,0.2400,0.1762,0.0000,0.0000,0.0000,22,,,1.34,6.11,2.74
dish_1560526447,False,0.1472,0.2667,0.1053,0.5000,0.1538,0.2353,2,151.41,1.7090,1.75,8.16,3.41
dish_1560526472,False,0.0985,0.3448,0.1904,1.0000,0.2143,0.3529,0,126.33,1.1113,2.06,8.29,9.57
dish_1560526490,False,0.0904,0.1875,0.0721,0.5000,0.2000,0.2857,3,98.33,0.6940,2.34,8.34,16.85
dish_1560526514,False,0.1502,0.2162,0.0905,1.0000,0.3125,0.4762,0,56.75,0.3097,3.42,8.40,26.03
dish_1560526530,False,0.1399,0.3158,0.0870,0.8333,0.2941,0.4348,1,5.28,0.0215,6.89,13.31,26.79
dish_1560526552,False,0.0284,0.2424,0.0622,0.5000,0.1667,0.2500,3,119.24,0.3319,14.59,21.78,28.02
dish_1560800918,False,0.2116,0.2308,0.1087,0.0455,0.1250,0.0667,21,169.17,2.3886,1.98,3.93,7.73
dish_1560800951,False,0.1711,0.2500,0.1775,0.0690,0.2222,0.1053,27,137.17,1.3340,4.29,4.31,14.13
dish_1560800988,False,0.1711,0.2500,0.1775,0.0690,0.2222,0.1053,27,74.87,0.2378,11.73,5.12,61.25
dish_1560801020,False,0.1048,0.2000,0.0781,0.3333,0.1250,0.1818,4,106.34,0.3070,17.10,5.90,61.69
dish_1560801041,False,0.0345,0.2326,0.1416,0.4286,0.1364,0.2069,4,192.24,0.4448,25.67,10.66,63.25
dish_1560801773,False,0.4444,0.6154,0.7014,1.0000,1.0000,1.0000,0,13.50,1.0000,0.97,0.16,2.70
dish_1560801797,False,0.2143,0.2609,0.1579,0.0159,0.2500,0.0299,62,25.66,1.0000,1.34,0.70,4.11
dish_1560801829,False,0.2667,0.4615,0.2769,0.3333,0.4000,0.3636,4,16.90,0.0658,11.18,10.54,30.35
dish_1560801859,False,0.1604,0.2581,0.1047,0.3333,0.2308,0.2727,6,21.30,0.0497,28.33,20.07,33.46
dish_1560801883,False,0.0513,0.1860,0.0515,0.5000,0.1053,0.1739,2,62.11,0.1213,42.56,22.15,34.63
dish_1560975491,False,0.3333,0.4286,0.5453,0.0000,0.0000,0.0000,37,,,,,
dish_1560975517,False,0.7054,0.7692,0.7217,0.0159,0.5000,0.0308,62,,,3.06,1.86,4.61
dish_1560975572,False,0.2206,0.2353,0.1124,0.2000,0.3333,0.2500,4,143.01,1.4745,5.58,2.16,16.07
dish_1560975601,False,0.0119,0.1250,0.0417,0.0156,0.0625,0.0250,63,6.06,0.0259,22.79,8.42,17.95
dish_1560975628,False,0.0581,0.1538,0.0570,0.0312,0.1176,0.0494,62,101.73,0.2921,27.61,12.46,32.35
dish_1561147944,False,0.0372,0.0952,0.0355,0.2500,0.1000,0.1429,3,,,0.82,3.64,2.26
dish_1561147967,False,0.1027,0.3333,0.1597,0.3333,0.0909,0.1429,2,62.02,0.3485,6.53,8.44,19.34
dish_1561147997,False,0.2406,0.3448,0.1445,0.4000,0.1667,0.2353,3,54.82,0.2960,7.06,8.63,20.64
dish_1561148021,False,0.0490,0.1951,0.0692,0.2000,0.0435,0.0714,4,121.77,0.3366,22.20,19.95,23.61
dish_1561148042,False,0.0869,0.2667,0.1380,0.3333,0.0833,0.1333,4,130.76,0.3527,22.73,19.98,25.64
dish_1561393715,False,0.2000,0.2222,0.1220,1.0000,1.0000,1.0000,0,17.15,1.0000,1.18,0.20,3.43
dish_1561393741,False,0.6000,0.7059,0.7705,0.6667,1.0000,0.8000,1,51.17,0.2710,12.78,12.96,5.29
dish_1561393764,False,0.4615,0.6667,0.5016,0.6000,1.0000,0.7500,2,40.80,0.1453,19.07,20.10,5.52
dish_1561405332,False,0.3333,0.4000,0.2381,1.0000,1.0000,1.0000,0,18.55,1.0000,1.27,0.21,3.71
dish_1561405356,False,0.2007,0.3636,0.1435,1.0000,0.2500,0.4000,0,33.35,0.1614,33.41,4.20,7.50
dish_1561405389,False,0.0482,0.2105,0.0741,0.7500,0.1667,0.2727,1,25.98,0.0977,34.99,8.39,12.11
dish_1561405411,False,0.0323,0.2051,0.0538,0.7500,0.3158,0.4444,2,92.06,0.2772,37.23,8.51,25.68
dish_1561574368,False,0.2727,0.3750,0.2679,0.0000,0.0000,0.0000,30,,,1.60,1.05,2.15
dish_1561574394,False,0.0790,0.2609,0.0662,0.0370,0.1000,0.0541,26,178.50,2.9023,2.37,4.80,3.44
dish_1561574428,False,0.1370,0.2308,0.0926,0.0156,0.0909,0.0267,63,156.00,1.8571,3.99,5.07,7.94
dish_1561574456,False,0.2325,0.3871,0.1366,0.0312,0.1667,0.0526,62,36.34,0.1784,9.03,9.30,23.01
dish_1561574479,False,0.1633,0.2273,0.1431,0.0312,0.1111,0.0488,62,86.39,0.2376,24.55,18.49,25.27
dish_1561574783,False,0.1577,0.2857,0.1921,0.0000,0.0000,0.0000,22,29.63,1.0000,0.58,2.82,0.97
dish_1561574815,False,0.0746,0.3636,0.1073,0.1333,0.2353,0.1702,26,115.15,1.5383,1.65,6.64,3.25
dish_1561574848,False,0.0010,0.1277,0.0267,0.7500,0.2000,0.3158,2,7.74,0.0425,18.06,10.23,4.82
dish_1561577848,False,0.0563,0.2353,0.1092,0.5556,0.2941,0.3846,4,223.35,0.5403,63.12,13.84,6.04
dish_1561577947,False,0.0267,0.2703,0.1610,0.2500,0.0455,0.0769,3,383.20,0.6149,67.20,33.78,12.88
dish_1561578775,False,0.5714,0.6667,0.6070,0.1250,1.0000,0.2222,7,55.15,0.1869,12.43,10.43,37.19
dish_1561578800,False,0.1646,0.3077,0.1659,0.2500,0.1000,0.1429,3,98.35,0.2907,13.27,14.54,38.59
dish_1561578839,False,0.1490,0.2963,0.1568,0.5000,0.1818,0.2667,2,122.15,0.3373,14.90,14.81,43.35
dish_1561578865,False,0.1116,0.2857,0.1064,0.5714,0.2353,0.3333,3,177.19,0.4247,16.74,17.30,49.71
dish_1561654326,False,0.1711,0.2500,0.1042,0.2500,0.2000,0.2222,3,59.79,1.0000,1.47,3.21,7.08
dish_1561654346,False,0.0443,0.2857,0.1715,0.0500,0.1111,0.0690,19,110.80,1.3991,2.74,3.69,10.45
dish_1561654374,False,0.2406,0.4828,0.2465,0.1053,0.2000,0.1379,17,86.36,0.2646,19.44,22.06,13.12
dish_1561654392,False,0.1580,0.4444,0.2704,0.0312,0.1818,0.0533,62,254.07,0.5142,30.91,35.08,13.56
dish_1561661324,False,0.4286,0.5000,0.4915,0.0000,0.0000,0.0000,47,,,,,
dish_1561661347,False,0.7430,0.8000,0.7120,0.1667,0.5000,0.2500,5,,,3.43,1.63,7.21
dish_1561661377,False,0.2138,0.4706,0.2200,0.0741,0.1429,0.0976,25,66.33,0.2165,43.74,8.97,11.85
dish_1561662160,False,0.0315,0.0909,0.0333,0.0476,0.1111,0.0667,20,148.16,3.5413,0.63,3.38,2.75
dish_1561662190,False,0.1433,0.3846,0.2206,0.0690,0.2000,0.1026,27,122.68,1.0457,2.40,3.99,18.39
dish_1561662216,False,0.0356,0.2857,0.1722,0.1250,0.2941,0.1754,35,60.79,0.2021,18.63,12.39,28.22
dish_1561662814,False,0.2885,0.3704,0.1613,0.0000,0.0000,0.0000,23,23.24,1.0000,0.35,1.88,1.53
dish_1561662842,False,0.1018,0.2778,0.1337,1.0000,0.2353,0.3810,0,23.13,0.0879,38.17,8.76,5.88
dish_1561662869,False,0.0885,0.3000,0.1368,1.0000,0.2222,0.3636,0,44.35,0.1560,38.79,9.24,10.28
dish_1561662926,False,0.0598,0.2564,0.0738,0.4000,0.1111,0.1739,3,48.34,0.1676,39.17,9.28,11.06
dish_1561663541,False,0.3636,0.5000,0.3571,0.0312,1.0000,0.0606,31,115.68,0.9305,2.91,1.01,25.76
dish_1561663580,False,0.1318,0.2667,0.0824,0.0606,0.1667,0.0889,31,192.06,0.4445,51.43,9.84,31.34
dish_1561663606,False,0.1017,0.4667,0.2675,0.7500,0.2308,0.3529,1,234.50,0.4942,52.67,10.80,40.14
dish_1561667207,False,0.0911,0.1818,0.0704,0.4000,0.2500,0.3077,3,9.44,0.0379,22.07,11.42,13.36
dish_1561667238,False,0.2284,0.3846,0.2753,0.2000,0.1111,0.1429,4,28.80,0.1072,23.48,12.34,15.25
dish_1561739160,False,0.4444,0.6154,0.4444,0.3333,1.0000,0.5000,2,,,0.43,0.18,8.54
dish_1561739188,False,0.5556,0.8750,0.5167,0.4000,1.0000,0.5714,3,142.91,1.4719,1.25,0.18,23.30
dish_1561739212,False,0.6667,0.7778,0.4738,0.5000,0.6667,0.5714,2,105.99,0.7909,8.35,0.33,23.80
dish_1561739238,False,0.2727,0.2727,0.1364,0.0500,0.5000,0.0909,38,34.19,0.1247,9.46,9.79,37.56
dish_1561739265,False,0.3981,0.5714,0.3812,0.3333,0.4000,0.3636,4,52.04,0.1782,10.69,9.99,41.13
dish_1561741063,False,0.2308,0.3333,0.2586,0.0000,0.0000,0.0000,27,,,14.85,5.80,4.59
dish_1561741090,False,0.3333,0.3750,0.2083,0.0000,0.0000,0.0000,27,,,15.54,5.98,11.47
dish_1562008936,False,0.5000,0.5455,0.5773,0.0000,0.0000,0.0000,28,,,,,
dish_1562008979,False,0.1465,0.3125,0.1578,0.0189,0.0769,0.0303,52,142.94,0.3733,35.35,22.22,10.17
dish_1562009006,False,0.1672,0.3030,0.1196,1.0000,0.0714,0.1333,0,230.72,0.4901,38.98,25.43,21.06
dish_1562009810,False,0.3636,0.5000,0.3571,0.0357,1.0000,0.0690,27,120.12,1.0020,2.81,0.97,24.84
dish_1562009894,False,0.2247,0.3571,0.1453,0.3333,0.2000,0.2500,4,4.81,0.0196,5.63,12.01,29.89
dish_1562009934,False,0.0546,0.3125,0.1922,0.0156,0.0625,0.0250,63,194.91,0.4482,12.71,15.62,62.24
dish_1562085672,False,0.5714,0.7273,0.8721,0.0227,1.0000,0.0444,43,,,6.21,1.93,19.46
dish_1562099053,False,0.2727,0.3750,0.2679,0.0000,0.0000,0.0000,17,,,4.14,3.48,12.39
dish_1562099076,False,0.3636,0.4545,0.1818,0.5000,0.4000,0.4444,2,110.18,1.0000,4.36,3.76,14.76
dish_1562099134,False,0.0724,0.2222,0.0809,0.5000,0.0909,0.1538,2,31.64,0.1165,17.73,14.04,18.57
dish_1562099157,False,0.0613,0.2128,0.0765,0.2500,0.0435,0.0741,3,37.53,0.1352,18.08,14.06,19.90
dish_1562168648,False,0.2792,0.3529,0.2635,0.0000,0.0000,0.0000,4,41.59,1.0000,1.02,2.23,4.92
dish_1562168673,False,0.2453,0.4444,0.3289,0.0000,0.0000,0.0000,5,183.65,3.2587,1.23,2.27,8.61
dish_1562168696,False,0.2222,0.3478,0.1181,0.2500,0.1429,0.1818,3,144.89,1.5233,1.71,2.47,18.13
dish_1562168800,False,0.2278,0.4545,0.3141,0.4000,0.2500,0.3077,3,2.48,0.0104,3.83,9.34,36.31
dish_1562172561,False,0.4286,0.5000,0.4915,0.0000,0.0000,0.0000,32,150.80,1.0000,29.00,0.58,2.03
dish_1562172600,False,0.4167,0.5000,0.2976,0.2000,0.5000,0.2857,4,23.60,0.0895,30.68,6.02,16.43
dish_1562172643,False,0.6619,0.8235,0.6320,0.5000,1.0000,0.6667,3,494.27,0.6731,62.87,42.56,17.65
dish_1562617703,False,0.3333,0.4286,0.2778,0.0000,0.0000,0.0000,1,,,4.51,6.49,26.95
dish_1562617939,False,0.2076,0.2400,0.1095,0.1667,0.1250,0.1429,5,,,7.24,14.64,20.43
dish_1562618000,False,0.0751,0.3529,0.0855,0.4000,0.1250,0.1905,3,445.99,0.6501,59.16,36.10,30.82
dish_1562690886,False,0.3636,0.4444,0.4265,1.0000,0.5000,0.6667,0,20.61,1.0000,0.87,1.05,2.53
dish_1562690917,False,0.4954,0.6667,0.4747,0.6667,0.6667,0.6667,1,170.94,2.4752,1.46,1.30,14.43
dish_1562690950,False,0.4044,0.5333,0.4310,0.5000,0.5000,0.5000,2,130.94,1.2006,1.86,1.38,24.83
dish_1562691000,False,0.4449,0.6000,0.4130,0.7500,0.6000,0.6667,1,86.62,0.2652,16.56,17.55,27.18
dish_1562691032,False,0.3562,0.5455,0.3540,0.8000,0.6667,0.7273,1,179.68,0.4281,17.95,22.04,39.06
dish_1562691064,False,0.2852,0.5000,0.3097,0.8000,0.5714,0.6667,1,315.30,0.5678,21.99,23.93,64.77
dish_1562700496,False,0.5000,0.6667,0.7173,0.0167,1.0000,0.0328,59,,,2.23,0.37,6.20
dish_1562700568,False,0.0246,0.1765,0.0600,0.0156,0.0526,0.0241,63,56.86,0.2303,23.56,21.83,16.65
dish_1562700593,False,0.0139,0.2000,0.1234,0.0385,0.0870,0.0533,50,145.77,0.3779,37.05,29.81,18.61
dish_1562703345,False,0.5000,0.6667,0.8523,0.0000,0.0000,0.0000,7,,,6.38,5.63,19.14
dish_1562703382,False,0.5455,0.7059,0.6560,0.5000,1.0000,0.6667,2,36.13,0.1772,6.99,5.89,31.32
dish_1562703408,False,0.2022,0.3333,0.1149,0.0000,0.0000,0.0000,5,71.21,0.2288,17.41,12.05,32.83
dish_1562703447,False,0.0986,0.2941,0.1397,0.5000,0.1333,0.2105,2,144.43,0.3757,18.51,17.96,37.65
dish_1562774099,False,0.2983,0.4211,0.2581,0.1250,0.2000,0.1538,7,,,,,
dish_1562774129,False,0.3559,0.5000,0.2922,0.2500,0.1667,0.2000,3,,,,,
dish_1562774159,False,0.2453,0.4444,0.3289,0.0250,0.1429,0.0426,39,,,,,
dish_1562774180,False,0.1757,0.4000,0.2841,0.1667,0.1250,0.1429,5,,,,,
dish_1562774206,False,0.1975,0.5217,0.2954,1.0000,0.4444,0.6154,0,,,,,
dish_1562776428,False,0.1861,0.4706,0.2635,0.0938,0.7500,0.1667,29,,,,,
dish_1562776465,False,0.2098,0.5263,0.2745,0.1053,0.4000,0.1667,17,,,,,
dish_1562776497,False,0.2362,0.7273,0.3328,0.7500,0.5000,0.6000,1,,,11.63,13.21,32.77
dish_1562786103,False,0.1667,0.1818,0.0980,0.0000,0.0000,0.0000,19,,,2.34,3.36,13.96
dish_1562788506,False,0.7143,0.7143,0.6914,0.3333,1.0000,0.5000,2,,,3.35,2.59,23.76
dish_1562788536,False,0.5000,0.6316,0.4901,0.1667,0.5000,0.2500,5,5.13,0.0209,5.40,6.61,44.75
dish_1562788568,False,0.1580,0.4444,0.2492,0.0317,0.2222,0.0556,61,49.20,0.1701,11.43,11.74,46.92
dish_1562788601,False,0.0311,0.3000,0.1507,0.0833,0.2632,0.1266,55,173.17,0.4191,23.15,19.14,48.77
dish_1562790775,False,0.1757,0.4000,0.2841,0.0000,0.0000,0.0000,4,,,0.39,7.80,1.52
dish_1562790824,False,0.1116,0.3571,0.1995,0.1176,0.3333,0.1739,30,197.07,0.4509,49.86,49.83,19.27
dish_1562790855,False,0.0443,0.1905,0.1258,0.2000,0.2857,0.2353,24,499.38,0.6754,78.43,67.88,23.78
dish_1562876494,False,0.1205,0.2500,0.0962,0.3750,0.2143,0.2727,5,199.89,4.9840,6.49,1.17,0.54
dish_1562876531,False,0.0508,0.1875,0.1314,0.1250,0.0667,0.0870,7,173.93,2.6327,8.38,2.41,3.08
dish_1562963246,False,0.5714,0.6667,0.6070,0.1429,1.0000,0.2500,6,84.40,0.2602,13.66,11.47,40.87
dish_1562963289,False,0.6192,0.6667,0.4709,0.6667,1.0000,0.8000,1,109.92,0.3141,15.52,12.69,43.36
dish_1562963325,False,0.1463,0.3571,0.1753,0.5000,0.2000,0.2857,2,520.16,0.6843,51.82,31.47,65.33
dish_1563208412,False,0.3000,0.3750,0.2344,0.0312,1.0000,0.0606,31,62.40,1.0000,5.46,3.90,1.17
dish_1563208439,False,0.5000,0.5556,0.5439,0.0455,0.5000,0.0833,21,92.61,1.0000,6.14,4.30,8.01
dish_1563208459,False,0.2007,0.2857,0.2044,0.0256,0.2000,0.0455,38,53.51,0.2870,6.94,8.04,22.54
dish_1563218408,False,0.3333,0.3636,0.1961,0.1667,1.0000,0.2857,5,5.34,0.0218,10.44,10.44,27.84
dish_1563220987,False,0.1731,0.2222,0.0968,0.0938,0.3000,0.1429,29,,,22.46,12.48,4.07
dish_1563221025,False,0.0637,0.1579,0.0591,0.0000,0.0000,0.0000,5,,,,,
dish_1563221054,False,0.0185,0.2105,0.1311,0.0000,0.0000,0.0000,4,58.88,0.1970,26.90,17.89,6.51
dish_1563221086,False,0.0241,0.3077,0.1733,0.5000,0.0952,0.1600,2,88.28,0.2689,28.92,18.23,12.39
dish_1563221157,False,0.0042,0.2400,0.1132,0.7500,0.1034,0.1818,1,178.15,0.4260,33.81,21.50,23.97
dish_1563294987,False,0.3750,0.5000,0.5808,0.0000,0.0000,0.0000,1,97.38,1.0000,6.66,7.56,0.25
dish_1563295016,False,0.4615,0.6316,0.4478,0.5000,1.0000,0.6667,2,112.12,0.8768,6.96,7.62,8.18
dish_1563295044,False,0.2857,0.4800,0.1770,0.6000,0.6000,0.6000,2,1.98,0.0082,7.93,12.17,25.85
dish_1563305513,False,0.6250,0.7692,0.8415,0.1429,1.0000,0.2500,6,366.25,0.6041,25.54,21.43,76.38
dish_1563389548,False,0.3333,0.4286,0.2778,0.0000,0.0000,0.0000,29,198.83,0.4531,43.84,28.91,0.19
dish_1563389600,False,0.4954,0.6667,0.3995,0.3333,1.0000,0.5000,4,211.43,0.4684,44.47,29.05,2.92
dish_1563389626,False,0.1557,0.5263,0.1220,0.1333,0.6667,0.2222,26,308.62,0.6189,45.33,30.18,12.39
dish_1563478751,False,0.1580,0.4444,0.2492,0.6667,0.3333,0.4444,2,760.40,0.8001,74.77,45.30,54.13
dish_1563551105,False,0.4286,0.4286,0.3651,0.2500,0.5000,0.3333,3,,,6.71,5.76,29.02
dish_1563551134,False,0.3033,0.4000,0.2937,0.2000,0.3333,0.2500,4,6.92,0.0280,16.81,5.96,29.72
dish_1563551164,False,0.2007,0.3810,0.1200,0.0357,0.4000,0.0656,54,99.76,0.2936,17.76,8.33,46.76
dish_1563551194,False,0.2022,0.4000,0.1149,0.1111,0.3750,0.1714,24,231.64,0.4911,27.84,14.05,57.67
dish_1563551220,False,0.1264,0.2963,0.1763,0.0270,0.1111,0.0435,36,321.70,0.5727,28.95,14.52,79.79
dish_1563565289,False,0.5000,0.5333,0.5282,0.0312,1.0000,0.0606,31,,,2.73,2.11,19.36
dish_1563565323,False,0.1528,0.2632,0.1563,0.0385,0.0667,0.0488,25,,,14.41,10.84,21.65
dish_1563565354,False,0.0246,0.1778,0.0462,0.0156,0.0455,0.0233,63,,,20.04,15.78,23.05
dish_1563565415,False,0.0039,0.1364,0.0294,0.0156,0.0435,0.0230,63,63.48,0.2092,21.37,18.17,25.00
dish_1563565454,False,0.0053,0.1200,0.0389,0.0323,0.0714,0.0444,60,110.79,0.3158,22.23,22.69,26.58
dish_1563565508,False,0.0271,0.2373,0.1175,0.4000,0.0645,0.1111,3,163.86,0.4057,26.26,24.76,32.03
dish_1563566909,False,0.2000,0.2667,0.1818,0.2500,1.0000,0.4000,3,17.47,0.0785,9.35,0.75,46.75
dish_1563566939,False,0.1580,0.3478,0.2483,0.4000,0.2000,0.2667,3,46.03,0.1609,10.51,6.80,48.87
dish_1563566965,False,0.0773,0.3571,0.1913,0.1579,0.2143,0.1818,16,130.83,0.3528,13.12,12.09,56.24
dish_1563897047,False,0.3333,0.4286,0.4733,0.0000,0.0000,0.0000,32,,,12.70,0.25,0.89
dish_1563897087,False,0.4545,0.5556,0.5027,0.0159,0.5000,0.0308,62,102.44,1.0000,15.20,0.67,8.17
dish_1563897938,False,0.5000,0.6000,0.6085,0.0476,1.0000,0.0909,20,185.90,3.4362,3.70,4.20,0.14
dish_1563897981,False,0.4286,0.7143,0.3651,0.0312,1.0000,0.0606,62,3.54,0.0145,16.50,18.28,2.19
dish_1563898019,False,0.3185,0.4762,0.1709,0.4000,0.4000,0.4000,3,103.98,0.3023,,,
dish_1563898084,False,0.3825,0.6957,0.3786,0.1481,0.5714,0.2353,23,179.49,0.4279,24.97,22.84,30.00
dish_1563898107,False,0.2852,0.5000,0.2583,0.6667,0.5000,0.5714,2,200.69,0.4554,25.45,23.12,34.80
dish_1563909469,False,0.2552,0.4000,0.2915,0.4000,0.2222,0.2857,3,72.40,1.0000,1.36,6.91,2.25
dish_1563909507,False,0.0446,0.3478,0.1530,0.7500,0.3000,0.4286,1,72.07,0.6112,2.89,9.17,8.19
dish_1563909550,False,0.1115,0.5185,0.2385,0.0769,0.3636,0.1270,48,70.32,0.2266,8.63,11.85,44.66
dish_1563909580,False,0.2926,0.4324,0.2252,0.8333,0.4167,0.5556,1,304.31,0.5591,18.48,20.12,74.14
dish_1563984140,False,0.4286,0.5000,0.4915,0.0000,0.0000,0.0000,32,,,47.20,0.94,3.30
dish_1563984167,False,0.5000,0.6667,0.5282,0.0385,0.5000,0.0714,25,51.68,0.1772,48.29,1.22,14.18
dish_1563984199,False,0.2500,0.2500,0.1250,0.0000,0.0000,0.0000,31,82.68,0.2562,48.60,1.28,22.24
dish_1563984242,False,0.3320,0.4348,0.3151,0.2000,0.2000,0.2000,4,162.12,0.4032,49.41,3.30,36.82
dish_1563984296,False,0.1338,0.1905,0.0800,0.0000,0.0000,0.0000,6,196.34,0.4500,51.18,3.54,44.61
dish_1563996441,False,0.0000,0.1250,0.0000,0.0455,0.1111,0.0645,21,80.24,1.0000,1.56,7.62,2.62
dish_1563996464,False,0.2084,0.4348,0.1399,0.4000,0.2000,0.2667,3,89.51,0.8908,3.02,7.87,6.67
dish_1563996485,False,0.2435,0.5600,0.3175,0.7500,0.2727,0.4000,1,11.96,0.0672,4.17,11.61,16.57
dish_1563996509,False,0.0209,0.3000,0.1681,0.7500,0.1250,0.2143,1,125.18,0.3428,32.75,17.87,19.30
dish_1563998210,False,0.0448,0.1818,0.1097,0.0000,0.0000,0.0000,4,,,22.61,4.96,2.16
dish_1563998244,False,0.0849,0.3158,0.0787,0.4000,0.1111,0.1739,3,,,24.27,10.33,16.38
dish_1563998279,False,0.0020,0.2000,0.0625,0.0469,0.1200,0.0674,61,115.01,0.2035,47.96,31.65,21.40
dish_1563998323,False,0.0136,0.3256,0.1544,0.0469,0.1154,0.0667,61,184.51,0.2908,52.96,32.49,35.30
dish_1563998513,False,0.0403,0.2553,0.1490,0.0476,0.1111,0.0667,60,307.51,0.4059,54.24,38.74,51.55
dish_1564160043,False,0.1667,0.2500,0.2083,0.0000,0.0000,0.0000,5,5.00,0.0204,9.90,1.47,48.02
dish_1564427406,False,0.2222,0.2857,0.1852,0.0000,0.0000,0.0000,31,,,30.51,20.11,0.14
dish_1564427430,False,0.5643,0.6154,0.2899,0.0323,0.5000,0.0606,30,105.62,0.3056,30.79,23.86,2.34
dish_1564427455,False,0.5368,0.7500,0.4227,0.5000,1.0000,0.6667,3,114.26,0.3225,31.22,23.96,4.21
dish_1564428102,False,0.0879,0.2000,0.1420,0.0312,0.1111,0.0488,31,,,,,
dish_1564428144,False,0.0837,0.2143,0.1359,0.0385,0.0714,0.0500,25,205.21,1.0000,5.11,14.07,16.70
dish_1564428181,False,0.0213,0.1714,0.0987,0.4286,0.1429,0.2143,4,270.05,0.5295,34.31,32.32,20.96
dish_1564588820,False,0.2500,0.3529,0.2632,0.0000,0.0000,0.0000,31,81.12,1.0000,15.60,0.31,1.09
dish_1564588859,False,0.3333,0.4138,0.4808,0.0385,0.2500,0.0667,25,,,23.44,4.75,9.57
dish_1564588889,False,0.5833,0.5833,0.3997,0.6000,0.6000,0.6000,2,5.51,0.0235,24.06,5.02,22.39
dish_1564588919,False,0.2477,0.3333,0.1266,0.0741,0.2857,0.1176,25,95.94,0.2856,25.09,7.61,41.00
dish_1564675380,False,0.3333,0.4286,0.2778,0.0000,0.0000,0.0000,4,,,6.69,6.46,0.71
dish_1564675411,False,0.3000,0.3333,0.3117,0.0000,0.0000,0.0000,4,4.47,0.0190,35.19,7.03,2.71
dish_1564686966,False,0.1839,0.3333,0.2076,0.1250,0.4444,0.1951,28,,,,,
dish_1564687013,False,0.0630,0.2424,0.0667,0.0606,0.1250,0.0816,31,90.84,0.2746,,,
dish_1564687046,False,0.0790,0.4118,0.2112,0.0317,0.1176,0.0500,61,134.79,0.3596,33.69,29.07,20.46
dish_1564687090,False,0.0992,0.3158,0.2147,0.0370,0.1111,0.0556,52,258.02,0.5181,38.09,32.74,40.49
dish_1564689078,False,0.1711,0.3333,0.1042,0.3333,0.1111,0.1667,2,,,1.45,6.58,2.96
dish_1564689108,False,0.1048,0.2581,0.0966,0.0690,0.1333,0.0909,27,36.34,0.1784,4.93,15.87,13.16
dish_1564689138,False,0.0160,0.2162,0.0542,0.0800,0.0952,0.0870,23,28.27,0.1054,5.80,21.97,15.52
dish_1564689168,False,0.1156,0.2727,0.1027,0.1304,0.1364,0.1333,20,112.95,0.3200,15.08,27.54,17.73
dish_1564689219,False,0.0790,0.1739,0.0662,0.1304,0.1304,0.1304,20,,,27.23,28.08,44.73
dish_1564773826,False,0.2500,0.4615,0.1887,0.0435,1.0000,0.0833,22,,,,,
dish_1564773847,False,0.0869,0.2667,0.0971,0.0870,0.2667,0.1311,42,1.97,0.0083,,,
dish_1564773876,False,0.0938,0.2500,0.0926,0.4000,0.1250,0.1905,3,18.33,0.0709,19.00,15.97,9.88
dish_1564773903,False,0.1394,0.3429,0.1101,0.6000,0.1765,0.2727,2,76.83,0.2425,19.58,16.09,25.09
dish_1564773942,False,0.0504,0.2857,0.0617,0.5714,0.2222,0.3200,3,251.94,0.5121,52.55,19.90,25.09
dish_1564773976,False,0.0548,0.2162,0.0593,0.0635,0.2105,0.0976,59,276.09,0.5350,52.71,22.15,26.41
dish_1565020755,False,0.5000,0.6667,0.8523,1.0000,1.0000,1.0000,0,,,,,
dish_1565020796,False,0.4286,0.7143,0.3651,0.5000,1.0000,0.6667,2,149.40,1.6490,12.06,3.54,0.75
dish_1565020822,False,0.5155,0.7368,0.5257,0.2222,0.5000,0.3077,7,59.44,0.3292,12.98,5.83,17.26
dish_1565020867,False,0.3497,0.5263,0.3878,0.3333,0.4000,0.3636,4,15.80,0.0618,13.90,6.23,35.74
dish_1565020895,False,0.1369,0.4167,0.2344,0.0769,0.2500,0.1176,24,108.13,0.3106,20.96,10.23,43.38
dish_1565020926,False,0.0902,0.4167,0.2232,0.0385,0.1111,0.0571,25,398.50,1.0000,21.47,10.38,56.52
dish_1565030350,False,0.1027,0.3333,0.1597,0.0000,0.0000,0.0000,29,,,,,
dish_1565030391,False,0.0677,0.2500,0.1329,0.7500,0.1579,0.2609,1,369.33,0.6061,52.60,37.05,12.06
dish_1565034605,False,0.1490,0.2963,0.1568,0.5000,0.3000,0.3750,3,52.49,1.0000,0.71,4.96,1.92
dish_1565034635,False,0.0669,0.1818,0.0478,0.0455,0.0667,0.0541,21,,,2.10,11.77,4.26
dish_1565034661,False,0.0332,0.3333,0.1689,0.4000,0.1250,0.1905,3,20.19,0.0918,6.13,15.15,16.32
dish_1565034681,False,0.0563,0.1765,0.1092,0.1154,0.3529,0.1739,46,83.55,0.2582,10.42,18.93,29.19
dish_1565035715,False,0.5000,0.6000,0.6085,0.0333,1.0000,0.0645,29,,,0.43,0.04,3.51
dish_1565035746,False,0.5714,0.7692,0.5174,0.4000,1.0000,0.5714,3,,,2.41,0.37,9.01
dish_1565035774,False,0.5000,0.5000,0.4688,0.6000,1.0000,0.7500,2,,,3.13,0.44,12.25
dish_1565035802,False,0.3977,0.4211,0.3188,0.8000,1.0000,0.8889,1,,,3.71,0.57,14.79
dish_1565035830,False,0.3275,0.4545,0.1695,0.0476,0.6000,0.0882,60,100.13,0.2944,54.72,6.47,14.79
dish_1565035858,False,0.2137,0.3636,0.1190,0.6667,0.6667,0.6667,2,135.23,0.3604,55.42,6.71,23.68
dish_1565117429,False,0.4286,0.5000,0.2885,1.0000,1.0000,1.0000,0,,,16.46,13.82,49.25
dish_1565117463,False,0.3750,0.6250,0.1875,0.1250,0.5000,0.2000,7,,,19.70,15.94,53.59
dish_1565118700,False,0.2500,0.3333,0.2273,0.0417,0.5000,0.0769,23,,,1.25,0.22,3.11
dish_1565118729,False,0.0358,0.0769,0.0294,0.0000,0.0000,0.0000,5,195.49,0.4489,41.90,24.27,9.02
dish_1565118782,False,0.1226,0.2222,0.0877,0.2500,0.0667,0.1053,3,317.52,0.5695,43.74,34.11,17.05
dish_1565123783,False,0.3750,0.6154,0.2830,0.3333,1.0000,0.5000,2,93.06,1.0000,3.92,3.29,11.72
dish_1565123816,False,0.2206,0.2941,0.1124,0.2500,0.1000,0.1429,3,10.92,0.0435,19.24,12.35,13.95
dish_1565123845,False,0.0879,0.2000,0.0758,0.2500,0.0833,0.1250,3,28.66,0.1067,20.02,12.76,17.50
dish_1565123881,False,0.1635,0.3636,0.1965,0.0513,0.1538,0.0769,37,166.82,0.4101,30.06,19.36,31.00
dish_1565638478,False,0.3333,0.3529,0.1852,0.0000,0.0000,0.0000,4,47.62,1.0000,1.60,2.36,6.21
dish_1565638515,False,0.1924,0.2759,0.1824,0.5000,0.1818,0.2667,2,41.03,0.2062,16.70,10.76,8.95
dish_1565638550,False,0.0598,0.2564,0.0738,0.3333,0.1765,0.2308,6,37.66,0.1356,30.12,12.72,10.06
dish_1565638599,False,0.0214,0.3243,0.1354,0.7500,0.1667,0.2727,1,128.70,0.3491,32.86,15.76,23.10
dish_1565711453,False,0.5714,0.6667,0.7212,0.2000,1.0000,0.3333,4,,,,,
dish_1565711498,False,0.3981,0.6667,0.4808,0.1053,0.4000,0.1667,17,,,,,
dish_1565711527,False,0.2952,0.6364,0.4198,0.0952,0.3333,0.1481,19,244.81,0.5050,18.48,32.02,33.93
dish_1565711570,False,0.3423,0.6667,0.4670,0.1200,0.4286,0.1875,22,363.83,0.6025,26.62,41.26,34.24
dish_1565810969,False,0.5841,0.6667,0.5215,1.0000,1.0000,1.0000,0,,,0.58,0.08,0.72
dish_1565811000,False,0.7143,0.8571,0.6371,0.2857,1.0000,0.4444,5,102.85,0.3000,64.13,7.46,0.72
dish_1565811025,False,0.7430,0.9333,0.7120,0.5000,1.0000,0.6667,3,121.05,0.3353,,7.67,4.36
dish_1565811061,False,0.6619,0.9412,0.6320,0.6667,1.0000,0.8000,2,140.32,0.3690,,7.76,9.06
dish_1565811091,False,0.3559,0.7000,0.3472,0.1429,0.8000,0.2424,24,264.40,0.5242,74.73,17.63,9.06
dish_1565811139,False,0.3031,0.7000,0.3597,0.5000,0.6667,0.5714,4,662.20,0.7340,74.73,62.63,9.06
dish_1565894858,False,0.2500,0.5000,0.5808,0.0000,0.0000,0.0000,28,,,,,
dish_1565894889,False,0.2308,0.4000,0.2632,0.3333,0.5000,0.4000,2,,,6.64,11.17,33.29
dish_1565894910,False,0.2500,0.3000,0.1786,0.3333,0.3333,0.3333,2,297.11,0.5532,18.19,21.35,67.95
dish_1565896662,False,0.2727,0.3529,0.2308,0.1250,1.0000,0.2222,14,220.62,11.3839,1.45,0.26,3.62
dish_1565896701,False,0.1488,0.3810,0.2660,0.0370,0.1111,0.0556,26,54.47,0.1850,25.75,18.18,8.32
dish_1565896745,False,0.0967,0.3571,0.2276,0.4286,0.2000,0.2727,4,128.54,0.3488,27.19,25.22,10.74
dish_1565898128,False,0.1048,0.3226,0.1525,0.0625,0.1429,0.0870,30,19.03,0.0910,,,
dish_1565898158,False,0.0630,0.4516,0.2000,0.0392,0.1333,0.0606,49,0.43,0.0018,25.32,10.29,10.25
dish_1565898193,False,0.0291,0.2857,0.1791,0.5000,0.0909,0.1538,2,51.91,0.1778,,,
dish_1565898230,False,0.0121,0.2449,0.1492,0.0455,0.0741,0.0563,42,540.20,0.6924,73.95,42.68,19.73
dish_1565898331,False,0.1310,0.3871,0.1797,0.0741,0.1429,0.0976,25,,,,,
dish_1565898361,False,0.0598,0.2564,0.1384,0.0357,0.0526,0.0426,27,,,,,
dish_1565898402,False,0.0185,0.2632,0.1311,0.0400,0.1000,0.0571,48,,,39.42,19.54,9.46
dish_1565898432,False,0.0269,0.2128,0.0583,0.4286,0.1154,0.1818,4,210.22,0.4669,40.70,25.76,11.60
dish_1565974375,False,0.5714,0.7273,0.8721,1.0000,1.0000,1.0000,0,219.85,0.4781,31.45,35.70,1.19
dish_1565974409,False,0.4954,0.6667,0.4747,0.1250,0.5000,0.2000,7,448.65,0.6515,51.47,50.00,5.48
dish_1565986702,False,0.1220,0.2759,0.1412,0.0000,0.0000,0.0000,22,28.66,0.1356,,,
dish_1565986733,False,0.0212,0.2051,0.1026,0.1250,0.1429,0.1333,21,147.93,0.3813,,,
dish_1566316681,False,0.2857,0.3636,0.2326,0.0000,0.0000,0.0000,28,123.24,1.0554,1.19,2.98,21.42
dish_1566316726,False,0.3723,0.7059,0.3866,0.5000,0.6667,0.5714,2,169.52,0.4140,57.49,4.10,25.37
dish_1566316757,False,0.3636,0.4545,0.2273,0.0238,0.2500,0.0435,41,218.38,0.4870,59.50,4.37,34.21
dish_1566328724,False,0.4444,0.6154,0.7014,0.1429,1.0000,0.2500,6,,,51.77,6.01,0.00
dish_1566328745,False,0.4286,0.7143,0.3651,0.2857,1.0000,0.4444,5,,,52.09,6.08,1.40
dish_1566328776,False,0.5000,0.6667,0.4537,0.3333,0.6667,0.4444,4,661.81,0.7339,,28.68,78.29
dish_1566328805,False,0.5516,0.7059,0.2809,0.0469,0.7500,0.0882,61,687.81,0.7413,,28.74,85.05
dish_1566328831,False,0.3636,0.6667,0.3125,0.0469,0.6000,0.0870,61,701.61,0.7451,78.08,30.02,85.81
dish_1566414225,False,0.4444,0.5000,0.4384,0.0000,0.0000,0.0000,4,114.82,0.9172,3.76,4.19,17.94
dish_1566414291,False,0.4444,0.5556,0.4167,0.1429,0.3333,0.2000,6,105.14,0.3046,7.04,14.79,46.02
dish_1566414342,False,0.0538,0.2162,0.1209,0.7500,0.1579,0.2609,1,606.37,0.7164,83.58,31.58,53.34
dish_1566414412,False,0.0220,0.1633,0.0874,0.5000,0.1481,0.2286,4,680.12,0.7392,85.33,37.81,57.06
dish_1566416701,False,0.0281,0.3226,0.1623,0.0161,0.0588,0.0253,61,,,,,
dish_1566501575,False,0.2500,0.3333,0.2273,0.0000,0.0000,0.0000,32,11.69,0.0465,3.35,15.55,26.89
dish_1566501594,False,0.2857,0.3636,0.2326,0.0000,0.0000,0.0000,4,268.05,0.5276,6.76,31.39,54.28
dish_1566502437,False,0.2483,0.3704,0.2282,0.0968,0.3333,0.1500,28,,,,,
dish_1566502472,False,0.1464,0.3333,0.2253,0.0588,0.1000,0.0741,16,,,3.42,7.74,15.92
dish_1566502505,False,0.0677,0.2500,0.1593,0.3333,0.1875,0.2400,6,214.52,0.4720,31.87,22.46,33.15
dish_1566502537,False,0.0357,0.1852,0.0524,0.6000,0.1200,0.2000,2,277.64,0.5364,41.83,24.27,34.29
dish_1566502573,False,0.0207,0.2143,0.0894,0.6429,0.3214,0.4286,5,581.51,0.7079,51.19,43.21,60.72
dish_1566587102,False,0.1074,0.2308,0.1503,0.0000,0.0000,0.0000,21,26.40,0.1236,27.15,7.51,8.09
dish_1566587143,False,0.2439,0.4138,0.1657,0.1613,0.4167,0.2326,26,114.40,0.3228,28.91,20.71,16.01
dish_1566587182,False,0.0698,0.3429,0.1699,0.4167,0.2941,0.3448,7,291.26,0.5482,31.37,37.36,22.50
dish_1566589933,False,0.2500,0.3333,0.2273,0.0000,0.0000,0.0000,5,360.94,4.0528,9.76,5.86,2.32
dish_1566589967,False,0.1757,0.2667,0.1099,0.0159,0.0833,0.0267,62,141.66,0.3712,46.95,16.14,13.40
dish_1566590007,False,0.1711,0.3125,0.1644,0.2500,0.0769,0.1176,3,500.76,0.6760,61.80,29.23,57.95
dish_1566590056,False,0.0731,0.2162,0.0791,0.7500,0.1579,0.2609,1,575.65,0.7058,62.93,34.71,63.93
dish_1566838286,False,0.4286,0.5455,0.5943,0.0345,1.0000,0.0667,28,,,0.72,0.14,18.85
dish_1566838317,False,0.2500,0.2857,0.1613,0.5000,1.0000,0.6667,2,125.80,1.1016,1.56,0.42,29.41
dish_1566838351,False,0.4286,0.4286,0.3651,0.5000,0.6667,0.5714,2,49.99,0.2631,2.49,0.82,48.03
dish_1566838378,False,0.5054,0.6667,0.5126,0.5000,0.5000,0.5000,2,46.21,0.1615,8.99,7.97,49.07
dish_1566838407,False,0.2850,0.3636,0.1587,0.0488,0.3333,0.0851,39,118.95,0.3314,9.73,9.83,62.42
dish_1566849862,False,0.1111,0.1538,0.1111,0.0000,0.0000,0.0000,1,,,,,
dish_1566849895,False,0.3750,0.5714,0.5091,0.0385,0.5000,0.0714,25,,,1.31,7.34,12.82
dish_1566849923,False,0.4777,0.7143,0.2564,0.3333,0.6667,0.4444,4,127.97,1.0000,2.09,7.51,16.21
dish_1566849955,False,0.4412,0.5882,0.2247,0.3750,0.7500,0.5000,5,92.83,0.6308,2.62,7.56,20.53
dish_1566849987,False,0.3894,0.7778,0.2041,0.1212,0.8000,0.2105,29,,,80.74,16.64,20.53
dish_1566850031,False,0.3185,0.3810,0.1709,0.1250,0.5000,0.2000,21,376.77,0.6109,84.64,19.20,25.78
dish_1566850099,False,0.1066,0.3478,0.2358,0.0385,0.1000,0.0556,25,113.06,1.0000,1.53,10.69,4.14
dish_1566850142,False,0.0269,0.1081,0.0383,0.4000,0.1053,0.1667,3,224.95,0.4838,35.23,31.75,9.05
dish_1566851549,False,0.5714,0.6667,0.6070,0.1429,1.0000,0.2500,6,,,9.52,7.99,28.48
dish_1566851584,False,0.6000,0.6667,0.5200,0.6667,1.0000,0.8000,1,46.29,0.1617,13.90,10.87,34.37
dish_1566851616,False,0.3436,0.6316,0.2950,0.7500,0.7500,0.7500,1,60.78,0.2021,14.51,11.60,36.14
dish_1566851677,False,0.1637,0.4138,0.1968,0.7500,0.2500,0.3750,1,114.77,0.3235,16.52,12.63,45.33
dish_1566851704,False,0.1163,0.3077,0.1621,0.3333,0.1053,0.1600,4,221.16,0.4796,,19.00,46.82
dish_1566920304,False,0.3077,0.4444,0.6466,0.0000,0.0000,0.0000,8,,,57.00,1.14,3.99
dish_1566920339,False,0.3894,0.5556,0.3221,0.0303,0.3333,0.0556,32,209.53,0.4661,58.56,5.04,32.09
dish_1566920365,False,0.3559,0.5000,0.4130,0.0227,0.2500,0.0417,43,250.42,0.5106,60.68,5.32,41.39
dish_1567007719,False,0.2500,0.3333,0.2273,0.0435,1.0000,0.0833,22,,,0.34,0.08,3.36
dish_1567007751,False,0.3333,0.4000,0.2381,0.2500,0.5000,0.3333,3,39.93,1.0000,,,9.66
dish_1567007783,False,0.3333,0.3750,0.2083,0.0000,0.0000,0.0000,1,50.00,1.0000,,,11.94
dish_1567007814,False,0.3333,0.3529,0.1852,0.0000,0.0000,0.0000,1,73.00,1.0000,,,17.92
dish_1567007848,False,0.2206,0.2353,0.1124,0.5000,0.6000,0.5455,3,100.30,1.0000,,,24.84
dish_1567107839,False,0.1097,0.2143,0.1420,0.0000,0.0000,0.0000,26,,,,,
dish_1567785622,False,0.3333,0.4615,0.3333,0.2500,1.0000,0.4000,3,30.78,1.0000,0.38,0.16,7.56
dish_1567785654,False,0.4444,0.5333,0.5952,0.0000,0.0000,0.0000,64,,,0.59,0.20,13.02
dish_1567785709,False,0.2195,0.3077,0.2435,0.0385,0.2000,0.0645,50,108.75,0.8286,1.00,8.40,14.62
dish_1567785739,False,0.0902,0.3333,0.2232,0.0392,0.1818,0.0645,49,71.42,0.4237,1.38,9.35,21.46
dish_1567785778,False,0.0575,0.1935,0.1370,0.0000,0.0000,0.0000,4,63.51,0.2092,11.70,15.20,32.63
dish_1568305198,False,0.4286,0.5000,0.4915,0.0208,1.0000,0.0408,47,71.35,0.2292,23.86,23.04,2.54
dish_1568305225,False,0.1259,0.3636,0.2500,0.0000,0.0000,0.0000,4,188.67,0.4401,24.47,35.14,4.90
dish_1568305257,False,0.1484,0.4000,0.2639,0.2500,0.1000,0.1429,3,597.15,0.7133,52.07,65.50,9.31
dish_1568401167,False,0.4444,0.5714,0.6944,0.0000,0.0000,0.0000,28,186.36,0.4371,,,
dish_1568401199,False,0.3333,0.3636,0.3094,0.1429,0.2500,0.1818,6,269.64,0.5866,37.96,22.45,24.83
dish_1568401233,False,0.3227,0.5556,0.3538,0.2000,0.2000,0.2000,4,250.39,0.5106,38.63,22.60,32.33
dish_1568401261,False,0.3185,0.4762,0.3205,0.4000,0.3333,0.3636,3,290.39,0.5475,39.13,26.35,34.58
dish_1568401302,False,0.2681,0.4167,0.1471,0.0400,0.2857,0.0702,48,476.48,0.6650,44.68,28.95,69.86
