task,metric,baseline_mean,baseline_ci_lower,baseline_ci_upper,experiment_mean,experiment_ci_lower,experiment_ci_upper,abs_delta,rel_delta_pct,improved,significant
Captioning,BLEU-1,0.28018119585458373,0.26584853768809436,0.2952628889667915,0.6671140888893791,0.642632277751361,0.6903005298206774,0.38693289303479533,138.10094994227114,True,True
Captioning,BLEU-2,0.17630376120035895,0.16459071748671936,0.18861583460508818,0.5820282416814091,0.5546076554023179,0.6101573331241212,0.40572448048105014,230.1280912662821,True,True
Captioning,BLEU-4,0.0715794424522594,0.06482491344963724,0.07927592948903683,0.44154235487012516,0.4081509535803774,0.4774953651959636,0.3699629124178658,516.8563762767726,True,True
Captioning,ROUGE-1,0.4267836540477368,0.41232826064234057,0.4419400256395777,0.7732087706875241,0.7538028370262086,0.7916514859806029,0.3464251166397873,81.1711304672036,True,True
Captioning,ROUGE-L,0.3732663324298127,0.3607303943320697,0.38753069821451075,0.7328537962920704,0.713495309451475,0.7523183107956677,0.35958746386225765,96.3353596670476,True,True
Captioning,METEOR,0.3093502313983182,0.29171705589491076,0.3280106652567997,0.6860538352138913,0.6631659906467294,0.7074728440357926,0.3767036038155731,121.77253015548288,True,True
Ingredients,Precision,0.30464686384270434,0.27781667449701686,0.33254427796572417,0.7366108646206279,0.7099636823073475,0.760951280865844,0.4319640007779235,141.79171100903102,True,True
Ingredients,Recall,0.4438224038650014,0.4092400067846618,0.4762021899399777,0.6753236511854448,0.6462051274493035,0.7010480363588395,0.23150124732044342,52.160784427380946,True,True
Ingredients,F1,0.29035759891339596,0.2648377442217131,0.31622149207940436,0.6852288364794695,0.6588891736257413,0.7088716763978493,0.39487123756607356,135.99480056447587,True,True
Ingredients,Hallucination Rate,0.9090909090909091,0.883399209486166,0.932806324110672,0.549407114624506,0.5079051383399209,0.5928853754940712,-0.3596837944664031,-39.565217391304344,True,True
Calories,MAE,152.84339756460673,137.53575622689607,170.91712921523876,85.23089091699605,75.5309506610178,94.99517351432804,-67.61250664761069,-44.23645883626144,True,True
Calories,MAPE,67.30479776456143,59.51000991724251,77.19940392801801,47.348422963580425,40.16339056536847,57.469551894549355,-19.956374800981003,-29.650746252578152,True,True
Calories,Hallucination Rate,0.08707865168539326,0.05898876404494382,0.1151685393258427,0.08300395256916997,0.05928853754940711,0.1067193675889328,-0.004074699116223296,-4.679331888308043,True,False
Macros,Protein MAE,17.720306942477876,16.106939871792036,19.514888407688055,9.974604600790514,8.720490600839922,11.132149747035575,-7.7457023416873625,-43.71088134551388,True,True
Macros,Protein MAPE,100.0,100.0,100.0,66.8282740327245,60.73761027115787,73.58387721506831,-33.171725967275506,-33.171725967275506,True,True
Macros,Fat MAE,13.379584816192558,12.016598759245076,14.75474779463895,7.107321784584981,6.311508154199604,7.889250168675889,-6.272263031607578,-46.879354761566375,True,True
Macros,Fat MAPE,100.0,100.0,100.0,79.71437855379305,70.11287228633427,91.57253087719032,-20.285621446206946,-20.285621446206946,True,True
Macros,Carb MAE,20.689055107758616,19.13540009202586,22.220740264278017,13.157926832015809,12.107064120355732,14.397219926778654,-7.531128275742807,-36.40150909027524,True,True
Macros,Carb MAPE,100.0,100.0,100.0,72.02126492295139,68.7504690898815,75.57030863295381,-27.97873507704861,-27.97873507704861,True,True
VQA,Accuracy,58.29326923076923,55.04807692307692,61.53846153846154,85.41468064823641,83.22211630123928,87.41897044804576,27.12141141746718,46.525802679036474,True,True
VQA,Numeric MAE,74.91524249422632,62.65983256351039,87.6865300230947,39.33276397515528,32.56624611801242,46.50381599378882,-35.58247851907104,-47.49698103401769,True,True
VQA,Hallucination Rate,0.12702078521939955,0.09699769053117784,0.15935334872979215,0.07608695652173914,0.059006211180124224,0.09782608695652174,-0.050933828697660416,-40.098814229249015,True,False
