task,metric,mean,ci_lower,ci_upper,n
caption,bleu1,0.2537,0.2397,0.2684,507
caption,bleu2,0.1668,0.1563,0.1780,507
caption,bleu4,0.0588,0.0540,0.0644,507
caption,rouge1,0.3785,0.3643,0.3922,507
caption,rougeL,0.3575,0.3446,0.3702,507
caption,meteor,0.2968,0.2809,0.3142,507
ingr,precision,0.4863,0.4535,0.5173,506
ingr,recall,0.4144,0.3782,0.4495,506
ingr,f1,0.3841,0.3524,0.4139,506
ingr,halluc_rate,0.7688,0.7351,0.8044,506
cal,mae,244.7465,226.6628,263.0947,477
cal,mape,98.8982,97.7158,100.5427,477
cal,halluc_rate,0.0042,0.0000,0.0105,477
macro,protein_mae,14.1702,12.4258,15.9544,379
macro,protein_mape,95.7894,85.7705,109.5441,379
macro,fat_mae,10.4804,9.2401,11.7248,379
macro,fat_mape,287.7429,221.1199,371.8806,378
macro,carb_mae,16.4175,14.7932,17.9192,379
macro,carb_mape,108.4763,92.1433,130.1154,376
vqa,accuracy,56.5134,53.4483,59.6743,1044
vqa,numeric_mae,33.7393,25.2450,43.2180,272
vqa,halluc_rate,0.0184,0.0037,0.0368,272
